Ref,Val,Package,PosX,PosY,Rot,Side
"D1025","Power","LED_0603",180.600000,-86.250000,0.000000,bottom
"R3","1K","R_0603",177.750000,-86.200000,180.000000,bottom
